metric,crossover_type,n_runs,first_generation_min,last_generation_max,first_mean,last_mean,mean_change_last_minus_first,median_change_last_minus_first,percent_change_from_first,normality_p_value,selected_test,statistic,p_value,effect_size_name,effect_size,decision,direction
elite_lineage_parent_child_distance,arithmetic_recombination,10,1,49,0.4253190023587282,0.10919816790472563,-0.31612083445400263,-0.35777051499870904,-74.32558449090308,0.2671251361482724,paired_t_test,-3.533710589018325,0.006376707074999414,cohens_dz,-1.1174574053153095,significant,decreased
elite_lineage_parent_child_distance,homologous_gene_block_recombination,10,1,48,0.4717719728018122,0.03496384405668512,-0.4368081287451271,-0.4170931600992158,-92.58882551902397,0.5995204472774998,paired_t_test,-4.600084589038339,0.0012903688644906282,cohens_dz,-1.4546744730800778,significant,decreased
elite_lineage_parent_child_distance,promoter_aligned_cut_and_splice,10,1,49,0.4611285888328651,0.09059424160437239,-0.37053434722849277,-0.27637999173298394,-80.35380069718298,0.26282568641600307,paired_t_test,-2.2616351779790214,0.050042676241724066,cohens_dz,-0.7151918398773996,not_significant,decreased
