metric,crossover_type,n_runs,first_generation_min,last_generation_max,first_mean,last_mean,mean_change_last_minus_first,median_change_last_minus_first,percent_change_from_first,normality_p_value,selected_test,statistic,p_value,effect_size_name,effect_size,decision,direction
mean_pairwise_morphological_distance,arithmetic_recombination,10,0,49,0.25528489132975524,0.013648467515414838,-0.24163642381434033,-0.24385625342423078,-94.65363287097748,0.1998204206869395,paired_t_test,-37.01960168909203,3.796252793190541e-11,cohens_dz,-11.706625940974734,significant,decreased
mean_pairwise_morphological_distance,homologous_gene_block_recombination,10,0,49,0.2598048592436784,0.00901422503961383,-0.25079063420406456,-0.24892298491359321,-96.53038628074344,0.9594155829748752,paired_t_test,-37.62959122781871,3.279805778039054e-11,cohens_dz,-11.89952157009991,significant,decreased
mean_pairwise_morphological_distance,promoter_aligned_cut_and_splice,10,0,49,0.26426146682287655,0.06583522691440588,-0.1984262399084707,-0.24020834921024004,-75.08708791110568,0.06297969557272454,paired_t_test,-7.1990245402254915,5.0885553285384425e-05,cohens_dz,-2.276531447855901,significant,decreased
